Food_Type,Total_Quantity,Claimed_Percentage
Non-Vegetarian,11758,75.24238816125191
Vegan,11712,71.33709016393442
Vegetarian,11649,75.17383466391965
